word	lemma	pos	wordfreq
ও	ও	partcp	113796
করে	কর	verb	86128
না	না	partcp	76542
এবং	এবং	partcp	62729
থেকে	থেকে	dem	60485
এই	এই	unknwn	55465
হয়	হয়	verb	51285
করা	করা	noun	50614
তার	তার	dem	47239
এ	এ	unknwn	45057
হবে	হ	verb	40184
জন্য	জন্য	dem	38127
করতে	কর	verb	36127
তিনি	তিনি	dem	34153
হয়েছে	হয়েছে	verb	32770
হয়ে	হয়ে	verb	30570
এর	এর	dem	29648
একটি	একটি	adj	29577
নিয়ে	নিয়ে	dem	28354
আর	আর	partcp	27899
এক	এক	adj	27431
তাদের	তাদের	dem	27213
কিন্তু	কিন্তু	partcp	25898
আমি	আমি	dem	24740
কথা	কথা	noun	23706
করেন	কর	verb	23507
মধ্যে	মধ্যে	noun	22095
যায়	যায়	verb	21905
আহমদ	আহমদ	noun	21777
বা	বা	partcp	21665
আমার	আমার	dem	21631
বলেন	বল	verb	21460
দিয়ে	দিয়ে	dem	21401
আমাদের	আমাদের	dem	21283
সে	সে	dem	20658
কোন	কোন	adj	20440
তারা	তারা	dem	20087
সাথে	সাথে	dem	20060
আমরা	আমরা	dem	19865
করার	করা	noun	19381
বলল	বল	verb	19152
সময়	সময়	noun	19047
তা	তা	dem	18474
আছে	আছ	verb	18173
যে	যা	unknwn	17922
যে	যা	partcp	17699
ছিল	আছ	verb	17574
পারে	পার	verb	16948
পর	পর	noun	16831
হচ্ছে	হ	verb	16650
কিছু	কিছু	adj	16471
নয়	নয়	verb	16351
মনে	মন	noun	15563
কি	কি	dem	14991
মুসা	মুসা	noun	14818
হতে	হ	verb	14750
সেই	সেই	unknwn	14748
কাজ	কাজ	noun	14156
তবে	তবে	partcp	14026
সঙ্গে	সঙ্গে	dem	13829
বলে	বল	partcp	13747
দিকে	দিকে	noun	13482
অনেক	অনেক	adj	13444
করেছে	কর	verb	13144
নেই	নে	verb	12999
বিভিন্ন	বিভিন্ন	adj	12945
শুরু	শুরু	noun	12904
রয়েছে	রয়েছে	verb	12656
সব	সব	adj	12604
কাছে	কাছ	noun	12578
হিসেবে	হিসেব	dem	12222
বাংলাদেশ	বাংলাদেশ	noun	12154
এখন	এখন	adv	11899
থাকে	থাক	verb	11808
একটা	এক	adj	11607
দেশের	দেশ	noun	10896
যদি	যদি	partcp	10835
নতুন	নতুন	adj	10820
হলো	হলো	verb	10800
তাঁর	তাঁর	dem	10686
তাকে	তাকে	dem	10664
যা	যা	dem	10608
করেছেন	কর	verb	10561
আপনার	আপনার	dem	10386
বাংলাদেশের	বাংলাদেশ	noun	10134
তো	তো	partcp	10131
মাধ্যমে	মাধ্যম	dem	10092
পর্যন্ত	পর্যন্ত	dem	10021
গেছে	যা	verb	9949
মানুষের	মানুষ	noun	9830
বছর	বছর	noun	9822
দেখা	দেখা	noun	9766
তাই	তাই	partcp	9611
টি	টি	noun	9549
টাকা	টাকা	noun	9537
মানুষ	মানুষ	noun	9444
আগে	আগে	noun	9442
আজ	আজ	adv	9434
প্রথম	প্রথম	adj	9379
হাজার	হাজার	adj	9260
দিন	দিন	noun	9154
শেষ	শেষ	noun	9142
তখন	তখন	adv	8990
কোনো	কোনো	adj	8970
ইসলাম	ইসলাম	noun	8850
ছিলেন	আছ	verb	8848
এমন	এমন	unknwn	8836
বেশি	বেশি	adj	8804
সালে	সাল	noun	8779
দিতে	দে	verb	8778
এটা	এটা	dem	8745
যাবে	যা	verb	8691
বড়	বড়	adj	8593
একজন	এক	adj	8549
আপনি	আপনি	dem	8545
তাহলে	তাহলে	partcp	8541
সরকার	সরকার	noun	8476
দুই	দুই	adj	8269
আবার	আবার	adv	8224
প্রধান	প্রধান	adj	8218
দেয়া	দেয়া	noun	8143
শেখ	শেখ	noun	8088
উপর	উপর	noun	8056
বলে	বল	verb	8022
জানান	জানা	verb	7917
প্রায়	প্রায়	adv	7775
গত	গত	adj	7738
বলা	বলা	noun	7725
করছে	কর	verb	7706
ঢাকা	ঢাকা	noun	7690
নাম	নাম	noun	7630
কেউ	কেউ	dem	7572
পুলিশ	পুলিশ	noun	7516
করে	কর	dem	7432
কারণে	কারণ	noun	7377
মতো	মতো	partcp	7289
যারা	যা	dem	7237
আরও	আরও	adj	7219
বিরুদ্ধে	বিরুদ্ধে	dem	7165
করবে	কর	verb	7015
যখন	যখন	adv	7008
শুধু	শুধু	adv	6966
ব্যবহার	ব্যবহার	noun	6929
সকল	সকল	adj	6927
ভালো	ভালো	adj	6888
কারণ	কারণ	noun	6836
বিশেষ	বিশেষ	adj	6835
কেন	কেন	dem	6765
জেলা	জেলা	noun	6755
খুব	খুব	adj	6716
আরো	আরো	adj	6666
সালের	সাল	noun	6640
পরে	পরে	noun	6631
নিজের	নিজের	dem	6623
পড়ে	পড়ে	verb	6617
এসে	আস	verb	6582
প্রতি	প্রতি	dem	6538
প্রধানমন্ত্রী	প্রধানমন্ত্রী	noun	6521
পাওয়া	পাওয়া	noun	6484
যেন	যেন	partcp	6481
সাধারণ	সাধারণ	adj	6407
চলে	চল	verb	6374
হাতে	হাত	noun	6372
ফলে	ফল	noun	6338
তথ্য	তথ্য	noun	6324
জন	জন	noun	6288
উপজেলা	উপজেলা	noun	6271
তৈরি	তৈরি	noun	6225
সম্পাদক	সম্পাদক	noun	6213
রহমান	রহমান	noun	6173
ওই	ওই	unknwn	6148
সামনে	সামনে	noun	6141
সরকারের	সরকার	noun	6121
ধরনের	ধরন	noun	6116
বিষয়ে	বিষয়ে	noun	6081
ক্ষেত্রে	ক্ষেত্র	noun	6033
ব্যবস্থা	ব্যবস্থা	noun	6025
করি	কর	verb	5999
এখানে	এখানে	adv	5989
তুমি	তুমি	dem	5985
ঠিক	ঠিক	adv	5969
যেতে	যা	verb	5919
দেশে	দেশ	noun	5878
হলে	হ	unknwn	5858
দেয়	দেয়	verb	5850
এসব	এসব	unknwn	5805
ওপর	ওপর	noun	5794
রাজনৈতিক	রাজনৈতিক	adj	5749
এ	এ	dem	5739
শিক্ষা	শিক্ষা	noun	5707
অন্য	অন্য	adj	5700
সম্পর্কে	সম্পর্ক	dem	5647
সেটা	সেটা	dem	5605
জন্যে	জন্যে	dem	5599
হওয়ার	হওয়ার	noun	5584
যাচ্ছে	যা	verb	5576
ও	ও	noun	5518
গ্রহণ	গ্রহণ	noun	5479
জানা	জানা	noun	5424
আল্লাহ	আল্লাহ	noun	5423
একটু	একটু	adj	5423
সেখানে	সেখানে	adv	5408
মুসার	মুসা	noun	5377
তোমার	তোমার	dem	5370
আওয়ামী	আওয়ামী	adj	5306
প্রকাশ	প্রকাশ	noun	5262
চেষ্টা	চেষ্টা	noun	5259
এতে	এতে	dem	5255
নামে	নাম	noun	5248
ধরে	ধর	dem	5218
বলতে	বল	verb	5163
আমাকে	আমাকে	dem	5145
এটি	এটি	dem	5063
অর্থ	অর্থ	noun	5062
পারেন	পার	verb	5035
একই	একই	adj	5020
দেখে	দেখ	verb	4953
যার	যা	dem	4933
দেওয়া	দেওয়া	noun	4904
আল্লাহর	আল্লাহ	noun	4898
সভাপতি	সভাপতি	noun	4885
লাখ	লাখ	noun	4881
সদস্য	সদস্য	noun	4877
হাত	হাত	noun	4873
কে	কে	dem	4862
বেশ	বেশ	adj	4857
কী	কী	dem	4814
তিন	তিন	adj	4785
যেমন	যেমন	dem	4783
নিতে	নে	verb	4759
অংশ	অংশ	noun	4742
সবাই	সবাই	dem	4713
বছরের	বছর	noun	4702
করল	কর	verb	4699
প্রদান	প্রদান	noun	4698
করুন	কর	verb	4653
গিয়ে	গিয়ে	verb	4641
সুযোগ	সুযোগ	noun	4638
জীবন	জীবন	noun	4638
আর	আর	adj	4608
করলে	কর	unknwn	4604
মুসলিম	মুসলিম	noun	4598
দেন	দে	verb	4591
মত	মত	dem	4587
সৃষ্টি	সৃষ্টি	noun	4571
একটা	একটা	adj	4517
জাতীয়	জাতীয়	adj	4485
ছাড়া	ছাড়া	noun	4480
দেশ	দেশ	noun	4466
দেখতে	দেখ	verb	4452
করবেন	কর	verb	4434
বিষয়	বিষয়	noun	4370
সম্ভব	সম্ভব	adj	4362
রেখে	রাখ	verb	4283
হল	হ	verb	4270
অন্যান্য	অন্যান্য	adj	4257
ঘটনা	ঘটনা	noun	4250
দলের	দল	noun	4248
তুলে	তুল	verb	4247
হোসেন	হোসেন	noun	4246
বাংলা	বাংলা	noun	4172
এবার	এবার	adv	4161
উপজেলার	উপজেলা	noun	4159
হয়েছিল	হয়েছিল	verb	4147
বলেছেন	বল	verb	4139
কোনো	কোনো	unknwn	4113
পালন	পালন	noun	4071
ব্যাপারে	ব্যাপার	noun	4069
দিয়েছে	দিয়েছে	verb	4063
হয়নি	হয়নি	verb	4056
দায়িত্ব	দায়িত্ব	noun	4026
বাংলাদেশে	বাংলাদেশ	noun	4015
উপস্থিত	উপস্থিত	adj	3983
থাকা	থাকা	noun	3959
তারপর	তারপর	partcp	3956
নিশ্চিত	নিশ্চিত	adj	3945
সবচেয়ে	সবচেয়ে	adj	3944
খবর	খবর	noun	3942
গাড়ি	গাড়ি	noun	3922
কোটি	কোটি	adj	3922
অভিযোগ	অভিযোগ	noun	3916
কর্মকর্তা	কর্মকর্তা	noun	3908
স্থানীয়	স্থানীয়	adj	3905
প্রয়োজন	প্রয়োজন	noun	3895
আসে	আস	verb	3893
বন্ধ	বন্ধ	noun	3875
প্রশ্ন	প্রশ্ন	noun	3872
করছেন	কর	verb	3866
ড	ড	noun	3850
মা	মা	noun	3842
ভারতের	ভারত	noun	3838
আইন	আইন	noun	3836
কম	কম	adj	3822
ফিরে	ফের	verb	3819
হওয়া	হওয়া	noun	3819
উঠে	উঠ	verb	3816
ঘোষণা	ঘোষণা	noun	3811
ছোট	ছোট	adj	3782
সময়ে	সময়ে	noun	3772
এলাকায়	এলাকায়	noun	3762
বসে	বস	verb	3737
চোখ	চোখ	noun	3736
কোন	কোন	unknwn	3734
আলোচনা	আলোচনা	noun	3728
অনুষ্ঠিত	অনুষ্ঠিত	adj	3727
দল	দল	noun	3723
লীগের	লীগ	noun	3713
রাখা	রাখা	noun	3711
ভাবে	ভাব	dem	3698
গড়ে	গড়ে	verb	3694
হন	হ	verb	3677
দাবি	দাবি	noun	3670
আন্তর্জাতিক	আন্তর্জাতিক	adj	3667
মুখ	মুখ	noun	3660
নির্বাচন	নির্বাচন	noun	3652
কাজে	কাজ	noun	3648
চেয়ে	চেয়ে	dem	3644
দিক	দে	noun	3641
ভাল	ভাল	adj	3628
বর্তমান	বর্তমান	adj	3623
গেল	যা	verb	3590
লাভ	লাভ	noun	3587
অধিকার	অধিকার	noun	3569
ওরা	ওরা	dem	3564
পানি	পানি	noun	3543
নেতা	নেতা	noun	3537
রাখতে	রাখ	verb	3536
চেয়ারম্যান	চেয়ারম্যান	noun	3528
নারী	নারী	noun	3513
এগিয়ে	এগিয়ে	verb	3505
অথবা	অথবা	partcp	3482
দিয়েছেন	দিয়েছেন	verb	3473
ইসলামের	ইসলাম	noun	3449
কিংবা	কিংবা	partcp	3417
চাই	চা	verb	3381
নানা	নানা	adj	3375
এসেছে	আস	verb	3366
সিদ্ধান্ত	সিদ্ধান্ত	noun	3364
ওদের	ওদের	dem	3363
দ্বিতীয়	দ্বিতীয়	adj	3329
বাইরে	বাইরে	noun	3325
প্রতি	প্রতি	adj	3309
গুরুত্বপূর্ণ	গুরুত্বপূর্ণ	adj	3303
পথ	পথ	noun	3299
বিশ্বাস	বিশ্বাস	noun	3294
পথে	পথ	noun	3283
লোক	লোক	noun	3282
জানতে	জান	verb	3273
হিসাবে	হিসাব	dem	3273
সমস্যা	সমস্যা	noun	3255
অনুযায়ী	অনুযায়ী	dem	3242
কি	কি	partcp	3237
উল্লেখ	উল্লেখ	noun	3225
নিজেদের	নিজেরা	dem	3225
হাসান	হাসান	noun	3220
লক্ষ্য	লক্ষ্য	noun	3209
এরপর	এরপর	adv	3208
পক্ষে	পক্ষ	dem	3180
ইত্যাদি	ইত্যাদি	partcp	3169
অনুষ্ঠানে	অনুষ্ঠান	noun	3159
হত্যা	হত্যা	noun	3148
মুখে	মুখ	noun	3146
বরং	বরং	partcp	3143
ব্যক্তি	ব্যক্তি	noun	3123
চিন্তা	চিন্তা	noun	3118
শেষে	শেষ	noun	3115
বক্তব্য	বক্তব্য	noun	3089
উন্নয়ন	উন্নয়ন	adj	3074
আম	আম	noun	3070
সামাজিক	সামাজিক	adj	3054
যাওয়া	যাওয়া	noun	3047
বিষয়টি	বিষয়টি	noun	3040
পাশে	পাশ	noun	3034
কৃষি	কৃষি	noun	3025
কিভাবে	কিভাবে	adv	3024
জনগণের	জন	noun	3021
চৌধুরী	চৌধুরী	noun	3019
গেল	গা	verb	3014
দরকার	দরকার	noun	3013
বিভাগের	বিভাগ	noun	2990
লীগ	লীগ	noun	2977
কার্যক্রম	কার্যক্রম	noun	2962
আগামী	আগামী	adj	2948
অবস্থায়	অবস্থায়	noun	2940
এছাড়া	এছাড়া	partcp	2934
স্যার	স্যার	noun	2933
মাত্র	মাত্র	partcp	2933
ছবি	ছবি	noun	2918
হলে	হল	unknwn	2914
মাঝে	মাঝ	noun	2911
মার্চ	মার্চ	noun	2910
হাসিনা	হাসিনা	noun	2900
আশা	আশা	noun	2881
করছি	কর	verb	2872
ভাই	ভাই	noun	2871
জীবনের	জীবন	noun	2864
ঘরে	ঘর	noun	2860
ছেলে	ছেলে	noun	2856
প্রতিটি	প্রতিটি	adj	2850
চলছে	চল	verb	2841
আপনাকে	আপনাকে	dem	2840
মূল	মূল	adj	2833
বিস্তারিত	বিস্তারিত	adj	2831
আলী	আলী	noun	2824
জেলার	জেলা	noun	2818
দেয়ার	দেয়ার	noun	2809
বললেন	বল	verb	2801
সকাল	সকাল	noun	2800
দুটি	দু	adj	2795
পরীক্ষা	পরীক্ষা	noun	2793
ক্ষমতা	ক্ষমতা	noun	2788
পরিবারের	পরিবার	noun	2787
যেখানে	যেখানে	adv	2779
রাতে	রাত	noun	2766
সংখ্যা	সংখ্যা	noun	2766
গ্রামের	গ্রাম	noun	2765
বিশ্ববিদ্যালয়ের	বিশ্ববিদ্যালয়ের	noun	2763
দিনের	দিন	noun	2756
জেনারেল	জেনারেল	noun	2755
রাত	রাত	noun	2747
পারবেন	পার	verb	2736
পারি	পার	verb	2736
আছেন	আছ	verb	2730
দ্রুত	দ্রুত	adj	2726
অর্থাৎ	অর্থাৎ	partcp	2724
খুবই	খুবই	adj	2723
তাতে	তাতে	dem	2722
বের	বে	verb	2719
থাকার	থাকা	noun	2719
দিল	দে	verb	2717
ইসলামী	ইসলামী	adj	2716
কয়েক	কয়েক	adj	2714
যোগাযোগ	যোগাযোগ	noun	2713
এলাকার	এলাকা	noun	2713
পর্যায়ে	পর্যায়	noun	2713
বিচার	বিচার	noun	2713
সবার	সব	dem	2707
সম্পর্ক	সম্পর্ক	noun	2703
কেন্দ্র	কেন্দ্র	noun	2703
আসছে	আস	verb	2701
সাহায্য	সাহায্য	noun	2700
বিএনপি	বিএনপি	noun	2699
লেখা	লেখা	noun	2693
কাছ	কাছ	noun	2687
অবস্থান	অবস্থান	noun	2685
জাতীয়	জাতীয়	dem	2685
বাড়ি	বাড়ি	noun	2685
কোথায়	কোথায়	adv	2684
পরিবর্তন	পরিবর্তন	noun	2679
সরকারি	সরকারি	adj	2677
নেয়া	নেয়া	noun	2671
আহমেদ	আহমেদ	noun	2670
কাজের	কাজ	noun	2670
নি	নি	partcp	2658
করেছি	কর	verb	2656
হোক	হোক	verb	2650
অবস্থা	অবস্থা	noun	2640
ঘটে	ঘট	verb	2639
সংবাদ	সংবাদ	noun	2634
ধারণা	ধারণা	noun	2623
যাওয়ার	যাওয়ার	noun	2613
হয়েছেন	হয়েছেন	verb	2604
সমাজ	সমাজ	noun	2587
ভূমিকা	ভূমিকা	noun	2584
আপনাদের	আপনাদের	dem	2584
পবিত্র	পবিত্র	adj	2582
অবশ্যই	অবশ্যই	adv	2576
উত্তর	উত্তর	noun	2564
হতো	হতো	verb	2563
মধ্য	মধ্য	noun	2554
জাতির	জাতি	noun	2554
উচিত	উচিত	adj	2554
আগেই	আগেই	noun	2550
সাথে	সাথে	noun	2547
মহান	মহান	adj	2540
মাস	মাস	noun	2540
পারবে	পার	verb	2533
কমিটির	কমিটি	noun	2529
রাষ্ট্র	রাষ্ট্র	noun	2525
বিশ্বের	বিশ্ব	noun	2524
ভারত	ভারত	noun	2515
পুলিশের	পুলিশ	noun	2512
দাঁড়িয়ে	দাঁড়িয়ে	verb	2511
ছিলো	ছিলো	verb	2509
দ্বারা	দ্বারা	dem	2509
মোঃ	মোঃ	noun	2509
আসলে	আসলে	adv	2506
নিজ	নিজ	dem	2499
মোট	মোট	adj	2497
বাবা	বাবা	noun	2496
আল	আল	noun	2496
মামলা	মামলা	noun	2494
এত	এত	adj	2490
পরিকল্পনা	পরিকল্পনা	noun	2483
যাতে	যাতে	dem	2476
ধর্ম	ধর্ম	noun	2471
শতাংশ	শতাংশ	noun	2468
ধন্যবাদ	ধন্যবাদ	noun	2467
লক্ষ্যে	লক্ষ্য	noun	2464
মো	মো	partcp	2460
বঙ্গবন্ধু	বঙ্গবন্ধু	noun	2458
বৃদ্ধি	বৃদ্ধি	noun	2457
সেবা	সেবা	noun	2446
ফল	ফল	noun	2442
উদ্দিন	উদ্দিন	noun	2439
গিয়ে	গিয়ে	noun	2431
তোমাদের	তোমাদের	dem	2431
আসা	আসা	noun	2430
বিএনপির	বিএনপি	noun	2429
যান	যা	verb	2422
চোখে	চোখ	noun	2416
প্রাথমিক	প্রাথমিক	adj	2415
বেরিয়ে	বেরিয়ে	verb	2415
আসতে	আস	verb	2412
আহত	আহত	adj	2395
শক্তি	শক্তি	noun	2387
চায়	চায়	verb	2383
এদের	এদের	dem	2380
চট্টগ্রাম	চট্টগ্রাম	noun	2374
নিহত	নিহত	adj	2374
প্রশিক্ষণ	প্রশিক্ষণ	noun	2372
হাসপাতালে	হাসপাতাল	noun	2369
স্বাস্থ্য	স্বাস্থ্য	noun	2368
পরিচয়	পরিচয়	noun	2365
কিছুই	কিছুই	adj	2362
তোমরা	তোমরা	dem	2359
পরিচালক	পরিচালক	adj	2359
বুধবার	বুধবার	noun	2357
সভায়	সভায়	noun	2357
আমের	আম	noun	2356
সময়ের	সময়ের	noun	2354
পায়	পায়	verb	2351
সারা	সারা	adj	2348
কারো	কারো	dem	2347
এম	এম	noun	2339
মানুষকে	মানুষ	noun	2338
সোমবার	সোমবার	noun	2337
মোহাম্মদ	মোহাম্মদ	noun	2337
নিরাপত্তা	নিরাপত্তা	noun	2336
এভাবে	এভাবে	adv	2335
ইতিহাস	ইতিহাস	noun	2330
থাকেন	থাক	verb	2327
উদ্ধার	উদ্ধার	noun	2325
থাকবে	আছ	verb	2323
হবার	হবার	noun	2320
অন্যতম	অন্যতম	adj	2303
প্রবেশ	প্রবেশ	noun	2302
জানি	জান	verb	2302
এবং	এবং	noun	2300
সকালে	সকাল	noun	2285
একমাত্র	একমাত্র	adj	2280
বাজার	বাজার	noun	2276
নামের	নাম	noun	2273
কেমন	কেমন	dem	2273
ব্যাংক	ব্যাংক	noun	2273
রক্ষা	রক্ষা	noun	2272
ধরা	ধরা	noun	2271
করেছিলেন	কর	verb	2260
এল	এল	verb	2256
অর্জন	অর্জন	noun	2255
জানিয়েছেন	জানিয়েছেন	verb	2250
বাজারে	বাজার	noun	2246
সদর	সদর	noun	2243
কখনো	কখনো	adv	2239
শিশু	শিশু	noun	2238
সত্য	সত্য	noun	2238
আবেদন	আবেদন	noun	2235
আবু	আবু	noun	2230
সমাজের	সমাজ	noun	2228
ধরে	ধর	verb	2221
নিজস্ব	নিজস্ব	adj	2213
অথচ	অথচ	partcp	2212
মানে	মান	noun	2210
এখনও	এখনও	adv	2208
স্বাধীনতা	স্বাধীনতা	noun	2206
মঙ্গলবার	মঙ্গলবার	noun	2203
বৃহস্পতিবার	বৃহস্পতিবার	noun	2203
প্রতিনিধি	প্রতিনিধি	noun	2200
নিজেকে	নিজে	dem	2198
না	না	dem	2197
ভুল	ভুল	noun	2197
গবেষণা	গবেষণা	noun	2191
আগের	আগের	noun	2188
নির্বাচনে	নির্বাচন	noun	2188
বিষয়ক	বিষয়ক	noun	2187
অত্যন্ত	অত্যন্ত	adj	2185
টায়	টায়	verb	2179
ভাষা	ভাষা	noun	2172
পেতে	পা	verb	2171
প্রকল্প	প্রকল্প	noun	2171
পরিচালনা	পরিচালনা	noun	2171
মন	মন	noun	2168
আয়োজন	আয়োজন	noun	2167
একে	একে	dem	2167
পক্ষ	পক্ষ	noun	2164
কলেজ	কলেজ	noun	2163
ঘটনার	ঘটনা	noun	2162
নির্দেশ	নির্দেশ	noun	2158
আহমদ	আহমদ	adj	2156
মাসে	মাস	noun	2152
শনিবার	শনিবার	noun	2144
আলম	আলম	noun	2142
নেমে	নেমে	verb	2138
মাথা	মাথা	noun	2138
নাই	নাই	verb	2135
দিয়ে	দিয়ে	verb	2134
অফিসার	অফিসার	noun	2131
যোগ	যোগ	noun	2124
টা	টা	noun	2124
পরিমাণ	পরিমাণ	noun	2123
আসার	আসা	noun	2123
শব্দ	শব্দ	noun	2120
ফেলে	ফেল	verb	2115
পেছনে	পেছন	noun	2109
মৃত্যু	মৃত্যু	noun	2105
অফিস	অফিস	noun	2097
ধীরে	ধীরে	adv	2097
ইউনিয়নের	ইউনিয়নের	noun	2096
শেয়ার	শেয়ার	noun	2093
ইউনিয়ন	ইউনিয়ন	noun	2093
করেই	কর	verb	2090
এদিকে	এদিকে	adv	2084
স্থানে	স্থান	noun	2070
ভর্তি	ভর্তি	noun	2068
বিরোধী	বিরোধী	adj	2067
নাকি	নাকি	partcp	2067
শিক্ষক	শিক্ষক	noun	2067
প্রমাণ	প্রমাণ	noun	2065
সুন্দর	সুন্দর	adj	2061
বাড়িতে	বাড়িতে	noun	2060
প্রেসিডেন্ট	প্রেসিডেন্ট	noun	2058
বিক্রি	বিক্রি	noun	2058
ভাগ	ভাগ	noun	2056
সঠিক	সঠিক	adj	2055
আন্দোলন	আন্দোলন	noun	2054
মেনে	মেনে	verb	2051
সংশ্লিষ্ট	সংশ্লিষ্ট	adj	2050
থাকবে	থাক	verb	2046
করেছিল	কর	verb	2043
পরিণত	পরিণত	adj	2040
পরিবার	পরিবার	noun	2039
স্থান	স্থান	noun	2037
বই	বই	noun	2037
মাসের	মাস	noun	2036
বাংলার	বাংলা	noun	2031
নির্মাণ	নির্মাণ	noun	2028
উৎপাদন	উৎপাদন	noun	2026
পৃথিবীর	পৃথিবী	noun	2025
টাকার	টাকা	noun	2022
উদ্দেশ্য	উদ্দেশ্য	noun	2014
সংসদ	সংসদ	noun	2014
সাড়ে	সাড়ে	noun	2013
ঘটনায়	ঘটনায়	noun	2010
রাখার	রাখা	noun	2006
অর্থনৈতিক	অর্থনৈতিক	adj	2006
সে	সে	unknwn	2005
এই	এই	noun	2004
প্রকাশিত	প্রকাশিত	adj	1994
উচ্চ	উচ্চ	adj	1993
মাথায়	মাথায়	noun	1988
পূর্ব	পূর্ব	adj	1983
ওঠে	ওঠ	verb	1983
কেবল	কেবল	adv	1982
রাখেন	রাখ	verb	1978
চাঁদপুর	চাঁদপুর	noun	1977
বেগম	বেগম	noun	1976
পাঁচ	পাঁচ	adj	1971
আসবে	আস	verb	1967
তাদেরকে	তাদেরকে	dem	1963
ফেব্রুয়ারি	ফেব্রুয়ারি	noun	1961
এটাই	এটাই	dem	1957
অতিরিক্ত	অতিরিক্ত	adj	1956
হয়তো	হয়তো	verb	1948
সুবিধা	সুবিধা	noun	1947
মত	মত	partcp	1946
এমনকি	এমনকি	partcp	1944
বিশ্ববিদ্যালয়	বিশ্ববিদ্যালয়	noun	1940
দিনে	দিন	noun	1938
পরিচিত	পরিচিত	adj	1937
খাবার	খাবার	noun	1927
পড়েছে	পড়েছে	verb	1927
একবার	একবার	adv	1925
ডিসেম্বর	ডিসেম্বর	noun	1924
হয়েছে	হয়েছে	dem	1924
রাজনীতি	রাজনীতি	noun	1923
বিদ্যুৎ	বিদ্যুৎ	noun	1923
ভয়	ভয়	noun	1920
চালু	চালু	adj	1920
বাড়ির	বাড়ির	noun	1919
কয়েকটি	কয়েকটি	adj	1918
আপনারা	আপনারা	dem	1918
এখনো	এখনো	adv	1918
পাওয়ার	পাওয়ার	noun	1916
মে	মে	noun	1913
ব্যাপক	ব্যাপক	adj	1905
নাই	নাই	partcp	1903
এ	এ	noun	1903
বিশ্ব	বিশ্ব	noun	1903
চান	চা	verb	1903
পাশাপাশি	পাশাপাশি	noun	1894
বার	বার	noun	1893
ভারতীয়	ভারতীয়	adj	1891
কত	ক	adj	1889
মুসলমানদের	মুসলমান	noun	1882
শুক্রবার	শুক্রবার	noun	1882
থাকতে	থাক	verb	1878
থাকতে	আছ	verb	1878
স্ত্রী	স্ত্রী	noun	1876
আধুনিক	আধুনিক	adj	1867
গঠন	গঠন	noun	1861
সহ	সহ	dem	1858
কিছুটা	কিছুটা	adj	1857
যুদ্ধ	যুদ্ধ	noun	1851
সাবেক	সাবেক	noun	1850
সুতরাং	সুতরাং	partcp	1848
প্রতিষ্ঠান	প্রতিষ্ঠান	noun	1848
অতিথি	অতিথি	noun	1844
খান	খা	verb	1843
সহায়তা	সহায়তা	noun	1841
প্রয়োজনীয়	প্রয়োজনীয়	adj	1840
নেয়	নেয়	verb	1838
পরিবেশ	পরিবেশ	noun	1835
কর্তৃক	কর্তৃক	dem	1834
অধ্যাপক	অধ্যাপক	noun	1834
শহীদ	শহীদ	noun	1833
বিভাগ	বিভাগ	noun	1832
তাঁকে	তাঁকে	dem	1831
হয়	হয়	dem	1829
বছরে	বছর	noun	1829
হলেও	হ	unknwn	1825
জীবনে	জীবন	noun	1823
তোমাকে	তোমাকে	dem	1823
সচিব	সচিব	noun	1821
দীর্ঘ	দীর্ঘ	adj	1818
সংস্থা	সংস্থা	noun	1818
মৃত্যুর	মৃত্যু	noun	1816
ধর্মীয়	ধর্মীয়	adj	1811
আল্লাহ্	আল্লাহ্	noun	1807
যদিও	যদিও	partcp	1804
জন্ম	জন্ম	noun	1801
যেসব	যেসব	unknwn	1798
গতকাল	গতকাল	adv	1798
গ্রাম	গ্রাম	noun	1788
খারাপ	খারাপ	adj	1788
দরজা	দরজা	noun	1788
ছেড়ে	ছেড়ে	verb	1787
কর	কর	verb	1785
প্রথমে	প্রথমে	adv	1784
ভোট	ভোট	noun	1784
ফোন	ফোন	noun	1783
খাদ্য	খাদ্য	noun	1782
জানিয়ে	জানিয়ে	verb	1782
বিশাল	বিশাল	adj	1781
দূরে	দূর	noun	1777
দেওয়ার	দেওয়ার	noun	1775
শহরের	শহর	noun	1775
করলেন	কর	verb	1774
রকম	রকম	noun	1772
কঠিন	কঠিন	adj	1772
ছাত্র	ছাত্র	noun	1769
নদীর	নদী	noun	1769
প্রযুক্তি	প্রযুক্তি	noun	1767
আন্দোলনের	আন্দোলন	noun	1764
গাড়ির	গাড়ির	noun	1763
নিউজ	নিউজ	noun	1763
পদে	পদ	noun	1760
থানার	থানা	noun	1758
কামাল	কামাল	noun	1754
স্বাভাবিক	স্বাভাবিক	adj	1753
স্কুল	স্কুল	noun	1753
পরিষদের	পরিষদ	noun	1752
মেয়ে	মেয়ে	noun	1752
গান	গান	noun	1751
এলাকা	এলাকা	noun	1751
কোথাও	কোথাও	adv	1749
বাহিনীর	বাহিনী	noun	1748
নিয়েছে	নিয়েছে	verb	1747
নেওয়া	নেওয়া	noun	1747
মহিলা	মহিলা	noun	1746
মালিক	মালিক	noun	1744
রাষ্ট্রের	রাষ্ট্র	noun	1744
সহজ	সহজ	adj	1743
মোবাইল	মোবাইল	noun	1740
যাদের	যারা	dem	1738
জুন	জুন	noun	1736
মুসলমান	মুসলমান	noun	1736
আদায়	আদায়	noun	1736
টি	টি	adj	1735
ভিন্ন	ভিন্ন	adj	1728
কমিটি	কমিটি	noun	1725
ঐ	ঐ	unknwn	1724
বহু	বহু	adj	1724
জানিয়েছে	জানিয়েছে	verb	1724
সামরিক	সামরিক	adj	1722
মার্কিন	মার্কিন	adj	1719
নির্বাচিত	নির্বাচিত	adj	1717
হবে	হ	dem	1717
তাঁদের	তাঁদের	dem	1717
মন্তব্য	মন্তব্য	noun	1715
দিবস	দিবস	noun	1711
ছুটে	ছুট	verb	1709
হক	হক	noun	1708
ভিত্তিতে	ভিত্তি	noun	1707
পুরো	পুরো	adj	1703
গভীর	গভীর	adj	1702
পার্বত্য	পার্বত্য	noun	1699
বেশী	বেশী	adj	1698
ঢাকার	ঢাকা	noun	1697
সংগ্রহ	সংগ্রহ	noun	1695
দাম	দাম	noun	1692
তিনটি	তিন	adj	1691
উঠল	উঠ	verb	1691
এপ্রিল	এপ্রিল	noun	1690
ভাষায়	ভাষায়	noun	1690
পেয়ে	পেয়ে	noun	1690
অব	অব	noun	1689
দু''টি	দু''টি	adj	1688
রিপোর্ট	রিপোর্ট	noun	1688
প্রধানমন্ত্রীর	প্রধানমন্ত্রী	noun	1687
বর্তমানে	বর্তমান	adv	1684
পাবেন	পা	verb	1682
ঐ	ওই	unknwn	1681
জায়গা	জায়গা	noun	1681
আলাদা	আলাদা	adj	1680
দ্য	দ্য	noun	1679
নির্বাহী	নির্বাহী	adj	1679
মন্ত্রী	মন্ত্রী	noun	1678
গাছের	গাছ	noun	1673
উপলক্ষে	উপলক্ষ	noun	1673
গুলি	গুলি	noun	1671
বর্তমানে	বর্তমানে	adv	1668
সাংবাদিক	সাংবাদিক	noun	1666
আক্রান্ত	আক্রান্ত	adj	1661
চালিয়ে	চালিয়ে	verb	1659
জায়গায়	জায়গায়	noun	1657
জ্ঞান	জ্ঞান	noun	1657
প্রচার	প্রচার	noun	1655
নিকট	নিকট	noun	1653
বিয়ে	বিয়ে	noun	1652
পাবে	পা	verb	1650
নিচে	নিচে	noun	1649
তৃতীয়	তৃতীয়	adj	1648
ও	ও	adj	1644
হাসিনার	হাসিনা	noun	1643
আর্থিক	আর্থিক	adj	1643
মুক্তি	মুক্তি	noun	1641
স্থাপন	স্থাপন	noun	1639
মধ্যেই	মধ্যেই	noun	1638
রাজধানীর	রাজধানী	noun	1638
অক্টোবর	অক্টোবর	noun	1637
দূর	দূর	noun	1634
গাছ	গাছ	noun	1629
উপরে	উপর	noun	1625
এরা	এরা	dem	1622
করতেন	কর	verb	1622
উঠল	ওঠ	verb	1620
কোম্পানির	কোম্পানি	noun	1619
শুনে	শুন	verb	1618
টার	টার	noun	1615
ধরণের	ধরণ	noun	1613
পরিস্থিতি	পরিস্থিতি	noun	1612
জানানো	জানানো	noun	1609
পরবর্তী	পরবর্তী	adj	1609
অবশ্য	অবশ্য	partcp	1602
প্রতিষ্ঠা	প্রতিষ্ঠা	noun	1602
নম্বর	নম্বর	noun	1597
পেয়েছে	পেয়েছে	verb	1596
জানায়	জানায়	verb	1593
আওতায়	আওতায়	noun	1591
পরিষদ	পরিষদ	noun	1591
উদ্দেশ্যে	উদ্দেশ্য	noun	1590
সম্পদ	সম্পদ	noun	1588
জানুয়ারি	জানুয়ারি	noun	1587
বলছেন	বল	verb	1586
থেকেই	থেকেই	dem	1582
তুলে	তোল	verb	1582
চিকিৎসা	চিকিৎসা	noun	1581
নেতৃত্বে	নেতৃত্ব	noun	1578
হঠাৎ	হঠাৎ	adv	1576
সমস্ত	সমস্ত	adj	1574
জন	জন	partcp	1573
উদ্যোগ	উদ্যোগ	noun	1573
দৃষ্টি	দৃষ্টি	noun	1572
মাওলানা	মাওলানা	noun	1569
মূলত	মূলত	adv	1563
মনের	মন	noun	1560
সাল	সাল	noun	1560
ভেতরে	ভেতর	noun	1559
সর্বোচ্চ	সর্বোচ্চ	adj	1558
বলার	বলা	noun	1554
প্রতিষ্ঠিত	প্রতিষ্ঠিত	adj	1553
ঘটেছে	ঘট	verb	1551
পড়তে	পড়তে	verb	1550
বুঝতে	বুঝ	verb	1550
চাইলে	চাইলে	unknwn	1548
হামলা	হামলা	noun	1544
প্রকল্পের	প্রকল্প	noun	1542
প্রভাব	প্রভাব	noun	1542
বেড়ে	বেড়ে	verb	1541
শিকার	শিকার	noun	1541
তেমনি	তেমনি	dem	1540
নিয়োগ	নিয়োগ	noun	1538
ডেস্ক	ডেস্ক	noun	1538
সভা	সভা	noun	1532
অভিযান	অভিযান	noun	1531
সা	সা	unknwn	1531
সম্ভাবনা	সম্ভাবনা	noun	1528
দান	দান	noun	1526
পাকিস্তান	পাকিস্তান	noun	1526
গোটা	গোটা	adj	1523
আটক	আটক	noun	1521
শাহ	শাহ	noun	1520
অন্যদিকে	অন্যদিকে	adv	1518
জুলাই	জুলাই	noun	1516
নভেম্বর	নভেম্বর	noun	1516
যুক্ত	যুক্ত	adj	1515
করব	কর	verb	1515
মাছ	মাছ	noun	1514
প্রশ্নের	প্রশ্ন	noun	1514
গ্রামে	গ্রাম	noun	1513
এস	এস	noun	1512
বাস	বাস	noun	1508
ক্ষতি	ক্ষতি	noun	1508
রহমানের	রহমান	noun	1507
সহযোগিতা	সহযোগিতা	noun	1506
সংগঠন	সংগঠন	noun	1506
শত	শত	adj	1505
মন্ত্রণালয়ের	মন্ত্রণালয়ের	noun	1504
পাশাপাশি	পাশাপাশি	adv	1503
কাউকে	কাউকে	dem	1502
পা	পা	noun	1502
হওয়ায়	হওয়ায়	noun	1500
আইনের	আইন	noun	1494
মুক্ত	মুক্ত	adj	1494
বাস্তবায়ন	বাস্তবায়ন	noun	1493
জনপ্রিয়	জনপ্রিয়	adj	1488
চুক্তি	চুক্তি	noun	1487
ওর	ওর	dem	1485
কবি	কবি	noun	1484
কেন্দ্রীয়	কেন্দ্রীয়	adj	1483
সেপ্টেম্বর	সেপ্টেম্বর	noun	1479
সংক্রান্ত	সংক্রান্ত	partcp	1478
বাধ্য	বাধ্য	adj	1477
সাংস্কৃতিক	সাংস্কৃতিক	adj	1476
সবাইকে	সবাই	dem	1475
জমি	জমি	noun	1473
ধর্মের	ধর্ম	noun	1471
নদী	নদী	noun	1470
বাহিনী	বাহিনী	noun	1470
ভূমি	ভূমি	noun	1469
জড়িত	জড়িত	adj	1468
অনুষ্ঠান	অনুষ্ঠান	noun	1468
সম্প্রতি	সম্প্রতি	noun	1468
সম্পূর্ণ	সম্পূর্ণ	adj	1465
প্রতিষ্ঠানের	প্রতিষ্ঠান	noun	1463
দিলে	দে	unknwn	1462
ঘর	ঘর	noun	1461
নিয়মিত	নিয়মিত	adj	1460
বন্ধু	বন্ধু	noun	1460
আম	আম	dem	1459
এগুলো	এগুলো	dem	1458
রাখে	রাখ	verb	1455
হ্যাঁ	হ্যাঁ	partcp	1454
কিনা	কিনা	partcp	1452
গ্রেফতার	গ্রেফতার	noun	1452
পরামর্শ	পরামর্শ	noun	1451
কোম্পানি	কোম্পানি	noun	1451
গুরুত্ব	গুরুত্ব	noun	1450
স্বাধীন	স্বাধীন	adj	1449
মতে	মত	noun	1447
অনেকে	অনেকে	dem	1446
করে	কর	noun	1445
ঘুরে	ঘুর	verb	1444
ব্যাংকের	ব্যাংক	noun	1443
করোনা	করোনা	noun	1442
দেবে	দে	verb	1442
তাঁরা	তাঁরা	dem	1441
হাজির	হাজি	noun	1439
ডাক্তার	ডাক্তার	noun	1439
সমাজে	সমাজ	noun	1436
উন্নয়ন	উন্নয়ন	noun	1434
ঘরের	ঘর	noun	1431
পড়া	পড়া	noun	1430
আলো	আলো	noun	1430
চোখের	চোখ	noun	1429
নিন	নিন	verb	1428
হিন্দু	হিন্দু	noun	1427
গেলে	যা	unknwn	1427
নীতি	নীতি	noun	1427
বের	বে	noun	1425
কেটে	কাট	verb	1421
পদ্ধতি	পদ্ধতি	noun	1416
প্রিয়	প্রিয়	adj	1414
খুলে	খুল	verb	1413
